actual_deaths,date,county_state,deaths_predicted_county,deaths_predicted_shared,deaths_predicted_ensemble,date_of_10_deaths,days_since_10_deaths
0,2020-01-22,"Queens County, NY",NA,NA,NA,2020-03-22,-60
0,2020-01-23,"Queens County, NY",NA,NA,NA,2020-03-22,-59
0,2020-01-24,"Queens County, NY",NA,NA,NA,2020-03-22,-58
0,2020-01-25,"Queens County, NY",NA,NA,NA,2020-03-22,-57
0,2020-01-26,"Queens County, NY",NA,NA,NA,2020-03-22,-56
0,2020-01-27,"Queens County, NY",NA,NA,NA,2020-03-22,-55
0,2020-01-28,"Queens County, NY",NA,NA,NA,2020-03-22,-54
0,2020-01-29,"Queens County, NY",NA,NA,NA,2020-03-22,-53
0,2020-01-30,"Queens County, NY",NA,NA,NA,2020-03-22,-52
0,2020-01-31,"Queens County, NY",NA,NA,NA,2020-03-22,-51
0,2020-02-01,"Queens County, NY",NA,NA,NA,2020-03-22,-50
0,2020-02-02,"Queens County, NY",NA,NA,NA,2020-03-22,-49
0,2020-02-03,"Queens County, NY",NA,NA,NA,2020-03-22,-48
0,2020-02-04,"Queens County, NY",NA,NA,NA,2020-03-22,-47
0,2020-02-05,"Queens County, NY",NA,NA,NA,2020-03-22,-46
0,2020-02-06,"Queens County, NY",NA,NA,NA,2020-03-22,-45
0,2020-02-07,"Queens County, NY",NA,NA,NA,2020-03-22,-44
0,2020-02-08,"Queens County, NY",NA,NA,NA,2020-03-22,-43
0,2020-02-09,"Queens County, NY",NA,NA,NA,2020-03-22,-42
0,2020-02-10,"Queens County, NY",NA,NA,NA,2020-03-22,-41
0,2020-02-11,"Queens County, NY",NA,NA,NA,2020-03-22,-40
0,2020-02-12,"Queens County, NY",NA,NA,NA,2020-03-22,-39
0,2020-02-13,"Queens County, NY",NA,NA,NA,2020-03-22,-38
0,2020-02-14,"Queens County, NY",NA,NA,NA,2020-03-22,-37
0,2020-02-15,"Queens County, NY",NA,NA,NA,2020-03-22,-36
0,2020-02-16,"Queens County, NY",NA,NA,NA,2020-03-22,-35
0,2020-02-17,"Queens County, NY",NA,NA,NA,2020-03-22,-34
0,2020-02-18,"Queens County, NY",NA,NA,NA,2020-03-22,-33
0,2020-02-19,"Queens County, NY",NA,NA,NA,2020-03-22,-32
0,2020-02-20,"Queens County, NY",NA,NA,NA,2020-03-22,-31
0,2020-02-21,"Queens County, NY",NA,NA,NA,2020-03-22,-30
0,2020-02-22,"Queens County, NY",NA,NA,NA,2020-03-22,-29
0,2020-02-23,"Queens County, NY",NA,NA,NA,2020-03-22,-28
0,2020-02-24,"Queens County, NY",NA,NA,NA,2020-03-22,-27
0,2020-02-25,"Queens County, NY",NA,NA,NA,2020-03-22,-26
0,2020-02-26,"Queens County, NY",NA,NA,NA,2020-03-22,-25
0,2020-02-27,"Queens County, NY",NA,NA,NA,2020-03-22,-24
0,2020-02-28,"Queens County, NY",NA,NA,NA,2020-03-22,-23
0,2020-02-29,"Queens County, NY",NA,NA,NA,2020-03-22,-22
0,2020-03-01,"Queens County, NY",NA,NA,NA,2020-03-22,-21
0,2020-03-02,"Queens County, NY",NA,NA,NA,2020-03-22,-20
0,2020-03-03,"Queens County, NY",NA,NA,NA,2020-03-22,-19
0,2020-03-04,"Queens County, NY",NA,NA,NA,2020-03-22,-18
0,2020-03-05,"Queens County, NY",NA,NA,NA,2020-03-22,-17
0,2020-03-06,"Queens County, NY",NA,NA,NA,2020-03-22,-16
0,2020-03-07,"Queens County, NY",NA,NA,NA,2020-03-22,-15
0,2020-03-08,"Queens County, NY",NA,NA,NA,2020-03-22,-14
0,2020-03-09,"Queens County, NY",NA,NA,NA,2020-03-22,-13
0,2020-03-10,"Queens County, NY",NA,NA,NA,2020-03-22,-12
0,2020-03-11,"Queens County, NY",NA,NA,NA,2020-03-22,-11
0,2020-03-12,"Queens County, NY",NA,NA,NA,2020-03-22,-10
0,2020-03-13,"Queens County, NY",NA,NA,NA,2020-03-22,-9
0,2020-03-14,"Queens County, NY",NA,NA,NA,2020-03-22,-8
0,2020-03-15,"Queens County, NY",NA,NA,NA,2020-03-22,-7
0,2020-03-16,"Queens County, NY",NA,NA,NA,2020-03-22,-6
0,2020-03-17,"Queens County, NY",NA,NA,NA,2020-03-22,-5
0,2020-03-18,"Queens County, NY",NA,NA,NA,2020-03-22,-4
0,2020-03-19,"Queens County, NY",NA,NA,NA,2020-03-22,-3
0,2020-03-20,"Queens County, NY",NA,NA,NA,2020-03-22,-2
0,2020-03-21,"Queens County, NY",NA,NA,NA,2020-03-22,-1
21,2020-03-22,"Queens County, NY",NA,NA,NA,2020-03-22,0
40,2020-03-23,"Queens County, NY",NA,NA,NA,2020-03-22,1
60,2020-03-24,"Queens County, NY",NA,NA,NA,2020-03-22,2
92,2020-03-25,"Queens County, NY",NA,NA,NA,2020-03-22,3
124,2020-03-26,"Queens County, NY",NA,NA,NA,2020-03-22,4
149,2020-03-27,"Queens County, NY",NA,NA,NA,2020-03-22,5
216,2020-03-28,"Queens County, NY",NA,NA,NA,2020-03-22,6
253,2020-03-29,"Queens County, NY",NA,NA,NA,2020-03-22,7
305,2020-03-30,"Queens County, NY",336.2945396999999,300.66653311249127,317.50012692999996,2020-03-22,8
376,2020-03-31,"Queens County, NY",434.03131646999987,357.3199947255025,393.56471775999995,2020-03-22,9
447,2020-04-01,"Queens County, NY",560.1731858200001,424.6980154700328,488.70760252,2020-03-22,10
0,2020-01-22,"Bronx County, NY",NA,NA,NA,2020-03-22,-60
0,2020-01-23,"Bronx County, NY",NA,NA,NA,2020-03-22,-59
0,2020-01-24,"Bronx County, NY",NA,NA,NA,2020-03-22,-58
0,2020-01-25,"Bronx County, NY",NA,NA,NA,2020-03-22,-57
0,2020-01-26,"Bronx County, NY",NA,NA,NA,2020-03-22,-56
0,2020-01-27,"Bronx County, NY",NA,NA,NA,2020-03-22,-55
0,2020-01-28,"Bronx County, NY",NA,NA,NA,2020-03-22,-54
0,2020-01-29,"Bronx County, NY",NA,NA,NA,2020-03-22,-53
0,2020-01-30,"Bronx County, NY",NA,NA,NA,2020-03-22,-52
0,2020-01-31,"Bronx County, NY",NA,NA,NA,2020-03-22,-51
0,2020-02-01,"Bronx County, NY",NA,NA,NA,2020-03-22,-50
0,2020-02-02,"Bronx County, NY",NA,NA,NA,2020-03-22,-49
0,2020-02-03,"Bronx County, NY",NA,NA,NA,2020-03-22,-48
0,2020-02-04,"Bronx County, NY",NA,NA,NA,2020-03-22,-47
0,2020-02-05,"Bronx County, NY",NA,NA,NA,2020-03-22,-46
0,2020-02-06,"Bronx County, NY",NA,NA,NA,2020-03-22,-45
0,2020-02-07,"Bronx County, NY",NA,NA,NA,2020-03-22,-44
0,2020-02-08,"Bronx County, NY",NA,NA,NA,2020-03-22,-43
0,2020-02-09,"Bronx County, NY",NA,NA,NA,2020-03-22,-42
0,2020-02-10,"Bronx County, NY",NA,NA,NA,2020-03-22,-41
0,2020-02-11,"Bronx County, NY",NA,NA,NA,2020-03-22,-40
0,2020-02-12,"Bronx County, NY",NA,NA,NA,2020-03-22,-39
0,2020-02-13,"Bronx County, NY",NA,NA,NA,2020-03-22,-38
0,2020-02-14,"Bronx County, NY",NA,NA,NA,2020-03-22,-37
0,2020-02-15,"Bronx County, NY",NA,NA,NA,2020-03-22,-36
0,2020-02-16,"Bronx County, NY",NA,NA,NA,2020-03-22,-35
0,2020-02-17,"Bronx County, NY",NA,NA,NA,2020-03-22,-34
0,2020-02-18,"Bronx County, NY",NA,NA,NA,2020-03-22,-33
0,2020-02-19,"Bronx County, NY",NA,NA,NA,2020-03-22,-32
0,2020-02-20,"Bronx County, NY",NA,NA,NA,2020-03-22,-31
0,2020-02-21,"Bronx County, NY",NA,NA,NA,2020-03-22,-30
0,2020-02-22,"Bronx County, NY",NA,NA,NA,2020-03-22,-29
0,2020-02-23,"Bronx County, NY",NA,NA,NA,2020-03-22,-28
0,2020-02-24,"Bronx County, NY",NA,NA,NA,2020-03-22,-27
0,2020-02-25,"Bronx County, NY",NA,NA,NA,2020-03-22,-26
0,2020-02-26,"Bronx County, NY",NA,NA,NA,2020-03-22,-25
0,2020-02-27,"Bronx County, NY",NA,NA,NA,2020-03-22,-24
0,2020-02-28,"Bronx County, NY",NA,NA,NA,2020-03-22,-23
0,2020-02-29,"Bronx County, NY",NA,NA,NA,2020-03-22,-22
0,2020-03-01,"Bronx County, NY",NA,NA,NA,2020-03-22,-21
0,2020-03-02,"Bronx County, NY",NA,NA,NA,2020-03-22,-20
0,2020-03-03,"Bronx County, NY",NA,NA,NA,2020-03-22,-19
0,2020-03-04,"Bronx County, NY",NA,NA,NA,2020-03-22,-18
0,2020-03-05,"Bronx County, NY",NA,NA,NA,2020-03-22,-17
0,2020-03-06,"Bronx County, NY",NA,NA,NA,2020-03-22,-16
0,2020-03-07,"Bronx County, NY",NA,NA,NA,2020-03-22,-15
0,2020-03-08,"Bronx County, NY",NA,NA,NA,2020-03-22,-14
0,2020-03-09,"Bronx County, NY",NA,NA,NA,2020-03-22,-13
0,2020-03-10,"Bronx County, NY",NA,NA,NA,2020-03-22,-12
0,2020-03-11,"Bronx County, NY",NA,NA,NA,2020-03-22,-11
0,2020-03-12,"Bronx County, NY",NA,NA,NA,2020-03-22,-10
0,2020-03-13,"Bronx County, NY",NA,NA,NA,2020-03-22,-9
0,2020-03-14,"Bronx County, NY",NA,NA,NA,2020-03-22,-8
0,2020-03-15,"Bronx County, NY",NA,NA,NA,2020-03-22,-7
1,2020-03-16,"Bronx County, NY",NA,NA,NA,2020-03-22,-6
1,2020-03-17,"Bronx County, NY",NA,NA,NA,2020-03-22,-5
1,2020-03-18,"Bronx County, NY",NA,NA,NA,2020-03-22,-4
1,2020-03-19,"Bronx County, NY",NA,NA,NA,2020-03-22,-3
1,2020-03-20,"Bronx County, NY",NA,NA,NA,2020-03-22,-2
0,2020-03-21,"Bronx County, NY",NA,NA,NA,2020-03-22,-1
14,2020-03-22,"Bronx County, NY",NA,NA,NA,2020-03-22,0
28,2020-03-23,"Bronx County, NY",NA,NA,NA,2020-03-22,1
44,2020-03-24,"Bronx County, NY",NA,NA,NA,2020-03-22,2
60,2020-03-25,"Bronx County, NY",NA,NA,NA,2020-03-22,3
79,2020-03-26,"Bronx County, NY",NA,NA,NA,2020-03-22,4
101,2020-03-27,"Bronx County, NY",NA,NA,NA,2020-03-22,5
152,2020-03-28,"Bronx County, NY",NA,NA,NA,2020-03-22,6
188,2020-03-29,"Bronx County, NY",NA,NA,NA,2020-03-22,7
215,2020-03-30,"Bronx County, NY",257.4885622599999,223.47759786876108,240.46535713,2020-03-22,8
262,2020-03-31,"Bronx County, NY",345.5303371999999,265.59755728829055,305.52229469,2020-03-22,9
360,2020-04-01,"Bronx County, NY",463.67579545999996,315.6356221649477,389.57856584999996,2020-03-22,10
0,2020-01-22,"Kings County, NY",NA,NA,NA,2020-03-22,-60
0,2020-01-23,"Kings County, NY",NA,NA,NA,2020-03-22,-59
0,2020-01-24,"Kings County, NY",NA,NA,NA,2020-03-22,-58
0,2020-01-25,"Kings County, NY",NA,NA,NA,2020-03-22,-57
0,2020-01-26,"Kings County, NY",NA,NA,NA,2020-03-22,-56
0,2020-01-27,"Kings County, NY",NA,NA,NA,2020-03-22,-55
0,2020-01-28,"Kings County, NY",NA,NA,NA,2020-03-22,-54
0,2020-01-29,"Kings County, NY",NA,NA,NA,2020-03-22,-53
0,2020-01-30,"Kings County, NY",NA,NA,NA,2020-03-22,-52
0,2020-01-31,"Kings County, NY",NA,NA,NA,2020-03-22,-51
0,2020-02-01,"Kings County, NY",NA,NA,NA,2020-03-22,-50
0,2020-02-02,"Kings County, NY",NA,NA,NA,2020-03-22,-49
0,2020-02-03,"Kings County, NY",NA,NA,NA,2020-03-22,-48
0,2020-02-04,"Kings County, NY",NA,NA,NA,2020-03-22,-47
0,2020-02-05,"Kings County, NY",NA,NA,NA,2020-03-22,-46
0,2020-02-06,"Kings County, NY",NA,NA,NA,2020-03-22,-45
0,2020-02-07,"Kings County, NY",NA,NA,NA,2020-03-22,-44
0,2020-02-08,"Kings County, NY",NA,NA,NA,2020-03-22,-43
0,2020-02-09,"Kings County, NY",NA,NA,NA,2020-03-22,-42
0,2020-02-10,"Kings County, NY",NA,NA,NA,2020-03-22,-41
0,2020-02-11,"Kings County, NY",NA,NA,NA,2020-03-22,-40
0,2020-02-12,"Kings County, NY",NA,NA,NA,2020-03-22,-39
0,2020-02-13,"Kings County, NY",NA,NA,NA,2020-03-22,-38
0,2020-02-14,"Kings County, NY",NA,NA,NA,2020-03-22,-37
0,2020-02-15,"Kings County, NY",NA,NA,NA,2020-03-22,-36
0,2020-02-16,"Kings County, NY",NA,NA,NA,2020-03-22,-35
0,2020-02-17,"Kings County, NY",NA,NA,NA,2020-03-22,-34
0,2020-02-18,"Kings County, NY",NA,NA,NA,2020-03-22,-33
0,2020-02-19,"Kings County, NY",NA,NA,NA,2020-03-22,-32
0,2020-02-20,"Kings County, NY",NA,NA,NA,2020-03-22,-31
0,2020-02-21,"Kings County, NY",NA,NA,NA,2020-03-22,-30
0,2020-02-22,"Kings County, NY",NA,NA,NA,2020-03-22,-29
0,2020-02-23,"Kings County, NY",NA,NA,NA,2020-03-22,-28
0,2020-02-24,"Kings County, NY",NA,NA,NA,2020-03-22,-27
0,2020-02-25,"Kings County, NY",NA,NA,NA,2020-03-22,-26
0,2020-02-26,"Kings County, NY",NA,NA,NA,2020-03-22,-25
0,2020-02-27,"Kings County, NY",NA,NA,NA,2020-03-22,-24
0,2020-02-28,"Kings County, NY",NA,NA,NA,2020-03-22,-23
0,2020-02-29,"Kings County, NY",NA,NA,NA,2020-03-22,-22
0,2020-03-01,"Kings County, NY",NA,NA,NA,2020-03-22,-21
0,2020-03-02,"Kings County, NY",NA,NA,NA,2020-03-22,-20
0,2020-03-03,"Kings County, NY",NA,NA,NA,2020-03-22,-19
0,2020-03-04,"Kings County, NY",NA,NA,NA,2020-03-22,-18
0,2020-03-05,"Kings County, NY",NA,NA,NA,2020-03-22,-17
0,2020-03-06,"Kings County, NY",NA,NA,NA,2020-03-22,-16
0,2020-03-07,"Kings County, NY",NA,NA,NA,2020-03-22,-15
0,2020-03-08,"Kings County, NY",NA,NA,NA,2020-03-22,-14
0,2020-03-09,"Kings County, NY",NA,NA,NA,2020-03-22,-13
0,2020-03-10,"Kings County, NY",NA,NA,NA,2020-03-22,-12
0,2020-03-11,"Kings County, NY",NA,NA,NA,2020-03-22,-11
0,2020-03-12,"Kings County, NY",NA,NA,NA,2020-03-22,-10
0,2020-03-13,"Kings County, NY",NA,NA,NA,2020-03-22,-9
1,2020-03-14,"Kings County, NY",NA,NA,NA,2020-03-22,-8
1,2020-03-15,"Kings County, NY",NA,NA,NA,2020-03-22,-7
1,2020-03-16,"Kings County, NY",NA,NA,NA,2020-03-22,-6
1,2020-03-17,"Kings County, NY",NA,NA,NA,2020-03-22,-5
1,2020-03-18,"Kings County, NY",NA,NA,NA,2020-03-22,-4
1,2020-03-19,"Kings County, NY",NA,NA,NA,2020-03-22,-3
1,2020-03-20,"Kings County, NY",NA,NA,NA,2020-03-22,-2
1,2020-03-21,"Kings County, NY",NA,NA,NA,2020-03-22,-1
14,2020-03-22,"Kings County, NY",NA,NA,NA,2020-03-22,0
27,2020-03-23,"Kings County, NY",NA,NA,NA,2020-03-22,1
45,2020-03-24,"Kings County, NY",NA,NA,NA,2020-03-22,2
64,2020-03-25,"Kings County, NY",NA,NA,NA,2020-03-22,3
81,2020-03-26,"Kings County, NY",NA,NA,NA,2020-03-22,4
102,2020-03-27,"Kings County, NY",NA,NA,NA,2020-03-22,5
167,2020-03-28,"Kings County, NY",NA,NA,NA,2020-03-22,6
185,2020-03-29,"Kings County, NY",NA,NA,NA,2020-03-22,7
215,2020-03-30,"Kings County, NY",258.92247390999995,219.9171993300852,236.16780278,2020-03-22,8
261,2020-03-31,"Kings County, NY",343.67996830000004,261.3693637001627,295.6620846200001,2020-03-22,9
328,2020-04-01,"Kings County, NY",456.182574,310.6111564351481,371.25996372000003,2020-03-22,10
0,2020-01-22,"King County, WA",NA,NA,NA,2020-03-05,-43
0,2020-01-23,"King County, WA",NA,NA,NA,2020-03-05,-42
0,2020-01-24,"King County, WA",NA,NA,NA,2020-03-05,-41
0,2020-01-25,"King County, WA",NA,NA,NA,2020-03-05,-40
0,2020-01-26,"King County, WA",NA,NA,NA,2020-03-05,-39
0,2020-01-27,"King County, WA",NA,NA,NA,2020-03-05,-38
0,2020-01-28,"King County, WA",NA,NA,NA,2020-03-05,-37
0,2020-01-29,"King County, WA",NA,NA,NA,2020-03-05,-36
0,2020-01-30,"King County, WA",NA,NA,NA,2020-03-05,-35
0,2020-01-31,"King County, WA",NA,NA,NA,2020-03-05,-34
0,2020-02-01,"King County, WA",NA,NA,NA,2020-03-05,-33
0,2020-02-02,"King County, WA",NA,NA,NA,2020-03-05,-32
0,2020-02-03,"King County, WA",NA,NA,NA,2020-03-05,-31
0,2020-02-04,"King County, WA",NA,NA,NA,2020-03-05,-30
0,2020-02-05,"King County, WA",NA,NA,NA,2020-03-05,-29
0,2020-02-06,"King County, WA",NA,NA,NA,2020-03-05,-28
0,2020-02-07,"King County, WA",NA,NA,NA,2020-03-05,-27
0,2020-02-08,"King County, WA",NA,NA,NA,2020-03-05,-26
0,2020-02-09,"King County, WA",NA,NA,NA,2020-03-05,-25
0,2020-02-10,"King County, WA",NA,NA,NA,2020-03-05,-24
0,2020-02-11,"King County, WA",NA,NA,NA,2020-03-05,-23
0,2020-02-12,"King County, WA",NA,NA,NA,2020-03-05,-22
0,2020-02-13,"King County, WA",NA,NA,NA,2020-03-05,-21
0,2020-02-14,"King County, WA",NA,NA,NA,2020-03-05,-20
0,2020-02-15,"King County, WA",NA,NA,NA,2020-03-05,-19
0,2020-02-16,"King County, WA",NA,NA,NA,2020-03-05,-18
0,2020-02-17,"King County, WA",NA,NA,NA,2020-03-05,-17
0,2020-02-18,"King County, WA",NA,NA,NA,2020-03-05,-16
0,2020-02-19,"King County, WA",NA,NA,NA,2020-03-05,-15
0,2020-02-20,"King County, WA",NA,NA,NA,2020-03-05,-14
0,2020-02-21,"King County, WA",NA,NA,NA,2020-03-05,-13
0,2020-02-22,"King County, WA",NA,NA,NA,2020-03-05,-12
0,2020-02-23,"King County, WA",NA,NA,NA,2020-03-05,-11
0,2020-02-24,"King County, WA",NA,NA,NA,2020-03-05,-10
0,2020-02-25,"King County, WA",NA,NA,NA,2020-03-05,-9
0,2020-02-26,"King County, WA",NA,NA,NA,2020-03-05,-8
0,2020-02-27,"King County, WA",NA,NA,NA,2020-03-05,-7
0,2020-02-28,"King County, WA",NA,NA,NA,2020-03-05,-6
1,2020-02-29,"King County, WA",NA,NA,NA,2020-03-05,-5
1,2020-03-01,"King County, WA",NA,NA,NA,2020-03-05,-4
5,2020-03-02,"King County, WA",NA,NA,NA,2020-03-05,-3
6,2020-03-03,"King County, WA",NA,NA,NA,2020-03-05,-2
9,2020-03-04,"King County, WA",NA,NA,NA,2020-03-05,-1
10,2020-03-05,"King County, WA",NA,NA,NA,2020-03-05,0
12,2020-03-06,"King County, WA",NA,NA,NA,2020-03-05,1
15,2020-03-07,"King County, WA",NA,NA,NA,2020-03-05,2
17,2020-03-08,"King County, WA",NA,NA,NA,2020-03-05,3
21,2020-03-09,"King County, WA",NA,NA,NA,2020-03-05,4
22,2020-03-10,"King County, WA",NA,NA,NA,2020-03-05,5
26,2020-03-11,"King County, WA",NA,NA,NA,2020-03-05,6
27,2020-03-12,"King County, WA",NA,NA,NA,2020-03-05,7
32,2020-03-13,"King County, WA",NA,NA,NA,2020-03-05,8
35,2020-03-14,"King County, WA",NA,NA,NA,2020-03-05,9
37,2020-03-15,"King County, WA",NA,NA,NA,2020-03-05,10
43,2020-03-16,"King County, WA",NA,NA,NA,2020-03-05,11
43,2020-03-17,"King County, WA",NA,NA,NA,2020-03-05,12
56,2020-03-18,"King County, WA",NA,NA,NA,2020-03-05,13
60,2020-03-19,"King County, WA",NA,NA,NA,2020-03-05,14
67,2020-03-20,"King County, WA",NA,NA,NA,2020-03-05,15
74,2020-03-21,"King County, WA",NA,NA,NA,2020-03-05,16
75,2020-03-22,"King County, WA",NA,NA,NA,2020-03-05,17
87,2020-03-23,"King County, WA",NA,NA,NA,2020-03-05,18
94,2020-03-24,"King County, WA",NA,NA,NA,2020-03-05,19
100,2020-03-25,"King County, WA",NA,NA,NA,2020-03-05,20
109,2020-03-26,"King County, WA",NA,NA,NA,2020-03-05,21
125,2020-03-27,"King County, WA",NA,NA,NA,2020-03-05,22
136,2020-03-28,"King County, WA",NA,NA,NA,2020-03-05,23
144,2020-03-29,"King County, WA",NA,NA,NA,2020-03-05,24
150,2020-03-30,"King County, WA",161.37899969,171.2815458185076,166.14792056,2020-03-05,25
150,2020-03-31,"King County, WA",177.28559238,203.63893019560723,189.97697306999999,2020-03-05,26
165,2020-04-01,"King County, WA",194.76004515,242.04121617614385,217.52996315,2020-03-05,27
0,2020-01-22,"New York County, NY",NA,NA,NA,2020-03-22,-60
0,2020-01-23,"New York County, NY",NA,NA,NA,2020-03-22,-59
0,2020-01-24,"New York County, NY",NA,NA,NA,2020-03-22,-58
0,2020-01-25,"New York County, NY",NA,NA,NA,2020-03-22,-57
0,2020-01-26,"New York County, NY",NA,NA,NA,2020-03-22,-56
0,2020-01-27,"New York County, NY",NA,NA,NA,2020-03-22,-55
0,2020-01-28,"New York County, NY",NA,NA,NA,2020-03-22,-54
0,2020-01-29,"New York County, NY",NA,NA,NA,2020-03-22,-53
0,2020-01-30,"New York County, NY",NA,NA,NA,2020-03-22,-52
0,2020-01-31,"New York County, NY",NA,NA,NA,2020-03-22,-51
0,2020-02-01,"New York County, NY",NA,NA,NA,2020-03-22,-50
0,2020-02-02,"New York County, NY",NA,NA,NA,2020-03-22,-49
0,2020-02-03,"New York County, NY",NA,NA,NA,2020-03-22,-48
0,2020-02-04,"New York County, NY",NA,NA,NA,2020-03-22,-47
0,2020-02-05,"New York County, NY",NA,NA,NA,2020-03-22,-46
0,2020-02-06,"New York County, NY",NA,NA,NA,2020-03-22,-45
0,2020-02-07,"New York County, NY",NA,NA,NA,2020-03-22,-44
0,2020-02-08,"New York County, NY",NA,NA,NA,2020-03-22,-43
0,2020-02-09,"New York County, NY",NA,NA,NA,2020-03-22,-42
0,2020-02-10,"New York County, NY",NA,NA,NA,2020-03-22,-41
0,2020-02-11,"New York County, NY",NA,NA,NA,2020-03-22,-40
0,2020-02-12,"New York County, NY",NA,NA,NA,2020-03-22,-39
0,2020-02-13,"New York County, NY",NA,NA,NA,2020-03-22,-38
0,2020-02-14,"New York County, NY",NA,NA,NA,2020-03-22,-37
0,2020-02-15,"New York County, NY",NA,NA,NA,2020-03-22,-36
0,2020-02-16,"New York County, NY",NA,NA,NA,2020-03-22,-35
0,2020-02-17,"New York County, NY",NA,NA,NA,2020-03-22,-34
0,2020-02-18,"New York County, NY",NA,NA,NA,2020-03-22,-33
0,2020-02-19,"New York County, NY",NA,NA,NA,2020-03-22,-32
0,2020-02-20,"New York County, NY",NA,NA,NA,2020-03-22,-31
0,2020-02-21,"New York County, NY",NA,NA,NA,2020-03-22,-30
0,2020-02-22,"New York County, NY",NA,NA,NA,2020-03-22,-29
0,2020-02-23,"New York County, NY",NA,NA,NA,2020-03-22,-28
0,2020-02-24,"New York County, NY",NA,NA,NA,2020-03-22,-27
0,2020-02-25,"New York County, NY",NA,NA,NA,2020-03-22,-26
0,2020-02-26,"New York County, NY",NA,NA,NA,2020-03-22,-25
0,2020-02-27,"New York County, NY",NA,NA,NA,2020-03-22,-24
0,2020-02-28,"New York County, NY",NA,NA,NA,2020-03-22,-23
0,2020-02-29,"New York County, NY",NA,NA,NA,2020-03-22,-22
0,2020-03-01,"New York County, NY",NA,NA,NA,2020-03-22,-21
0,2020-03-02,"New York County, NY",NA,NA,NA,2020-03-22,-20
0,2020-03-03,"New York County, NY",NA,NA,NA,2020-03-22,-19
0,2020-03-04,"New York County, NY",NA,NA,NA,2020-03-22,-18
0,2020-03-05,"New York County, NY",NA,NA,NA,2020-03-22,-17
0,2020-03-06,"New York County, NY",NA,NA,NA,2020-03-22,-16
0,2020-03-07,"New York County, NY",NA,NA,NA,2020-03-22,-15
0,2020-03-08,"New York County, NY",NA,NA,NA,2020-03-22,-14
0,2020-03-09,"New York County, NY",NA,NA,NA,2020-03-22,-13
0,2020-03-10,"New York County, NY",NA,NA,NA,2020-03-22,-12
0,2020-03-11,"New York County, NY",NA,NA,NA,2020-03-22,-11
0,2020-03-12,"New York County, NY",NA,NA,NA,2020-03-22,-10
0,2020-03-13,"New York County, NY",NA,NA,NA,2020-03-22,-9
0,2020-03-14,"New York County, NY",NA,NA,NA,2020-03-22,-8
4,2020-03-15,"New York County, NY",NA,NA,NA,2020-03-22,-7
0,2020-03-16,"New York County, NY",NA,NA,NA,2020-03-22,-6
0,2020-03-17,"New York County, NY",NA,NA,NA,2020-03-22,-5
0,2020-03-18,"New York County, NY",NA,NA,NA,2020-03-22,-4
0,2020-03-19,"New York County, NY",NA,NA,NA,2020-03-22,-3
0,2020-03-20,"New York County, NY",NA,NA,NA,2020-03-22,-2
0,2020-03-21,"New York County, NY",NA,NA,NA,2020-03-22,-1
10,2020-03-22,"New York County, NY",NA,NA,NA,2020-03-22,0
19,2020-03-23,"New York County, NY",NA,NA,NA,2020-03-22,1
35,2020-03-24,"New York County, NY",NA,NA,NA,2020-03-22,2
43,2020-03-25,"New York County, NY",NA,NA,NA,2020-03-22,3
55,2020-03-26,"New York County, NY",NA,NA,NA,2020-03-22,4
65,2020-03-27,"New York County, NY",NA,NA,NA,2020-03-22,5
93,2020-03-28,"New York County, NY",NA,NA,NA,2020-03-22,6
103,2020-03-29,"New York County, NY",NA,NA,NA,2020-03-22,7
119,2020-03-30,"New York County, NY",134.07330968999997,122.69790364935174,127.02666678000001,2020-03-22,8
129,2020-03-31,"New York County, NY",167.87569322999997,146.0317631547788,154.34418725,2020-03-22,9
165,2020-04-01,"New York County, NY",210.20028851,173.6905916398481,187.58388294,2020-03-22,10
0,2020-01-22,"Wayne County, MI",NA,NA,NA,2020-03-24,-62
0,2020-01-23,"Wayne County, MI",NA,NA,NA,2020-03-24,-61
0,2020-01-24,"Wayne County, MI",NA,NA,NA,2020-03-24,-60
0,2020-01-25,"Wayne County, MI",NA,NA,NA,2020-03-24,-59
0,2020-01-26,"Wayne County, MI",NA,NA,NA,2020-03-24,-58
0,2020-01-27,"Wayne County, MI",NA,NA,NA,2020-03-24,-57
0,2020-01-28,"Wayne County, MI",NA,NA,NA,2020-03-24,-56
0,2020-01-29,"Wayne County, MI",NA,NA,NA,2020-03-24,-55
0,2020-01-30,"Wayne County, MI",NA,NA,NA,2020-03-24,-54
0,2020-01-31,"Wayne County, MI",NA,NA,NA,2020-03-24,-53
0,2020-02-01,"Wayne County, MI",NA,NA,NA,2020-03-24,-52
0,2020-02-02,"Wayne County, MI",NA,NA,NA,2020-03-24,-51
0,2020-02-03,"Wayne County, MI",NA,NA,NA,2020-03-24,-50
0,2020-02-04,"Wayne County, MI",NA,NA,NA,2020-03-24,-49
0,2020-02-05,"Wayne County, MI",NA,NA,NA,2020-03-24,-48
0,2020-02-06,"Wayne County, MI",NA,NA,NA,2020-03-24,-47
0,2020-02-07,"Wayne County, MI",NA,NA,NA,2020-03-24,-46
0,2020-02-08,"Wayne County, MI",NA,NA,NA,2020-03-24,-45
0,2020-02-09,"Wayne County, MI",NA,NA,NA,2020-03-24,-44
0,2020-02-10,"Wayne County, MI",NA,NA,NA,2020-03-24,-43
0,2020-02-11,"Wayne County, MI",NA,NA,NA,2020-03-24,-42
0,2020-02-12,"Wayne County, MI",NA,NA,NA,2020-03-24,-41
0,2020-02-13,"Wayne County, MI",NA,NA,NA,2020-03-24,-40
0,2020-02-14,"Wayne County, MI",NA,NA,NA,2020-03-24,-39
0,2020-02-15,"Wayne County, MI",NA,NA,NA,2020-03-24,-38
0,2020-02-16,"Wayne County, MI",NA,NA,NA,2020-03-24,-37
0,2020-02-17,"Wayne County, MI",NA,NA,NA,2020-03-24,-36
0,2020-02-18,"Wayne County, MI",NA,NA,NA,2020-03-24,-35
0,2020-02-19,"Wayne County, MI",NA,NA,NA,2020-03-24,-34
0,2020-02-20,"Wayne County, MI",NA,NA,NA,2020-03-24,-33
0,2020-02-21,"Wayne County, MI",NA,NA,NA,2020-03-24,-32
0,2020-02-22,"Wayne County, MI",NA,NA,NA,2020-03-24,-31
0,2020-02-23,"Wayne County, MI",NA,NA,NA,2020-03-24,-30
0,2020-02-24,"Wayne County, MI",NA,NA,NA,2020-03-24,-29
0,2020-02-25,"Wayne County, MI",NA,NA,NA,2020-03-24,-28
0,2020-02-26,"Wayne County, MI",NA,NA,NA,2020-03-24,-27
0,2020-02-27,"Wayne County, MI",NA,NA,NA,2020-03-24,-26
0,2020-02-28,"Wayne County, MI",NA,NA,NA,2020-03-24,-25
0,2020-02-29,"Wayne County, MI",NA,NA,NA,2020-03-24,-24
0,2020-03-01,"Wayne County, MI",NA,NA,NA,2020-03-24,-23
0,2020-03-02,"Wayne County, MI",NA,NA,NA,2020-03-24,-22
0,2020-03-03,"Wayne County, MI",NA,NA,NA,2020-03-24,-21
0,2020-03-04,"Wayne County, MI",NA,NA,NA,2020-03-24,-20
0,2020-03-05,"Wayne County, MI",NA,NA,NA,2020-03-24,-19
0,2020-03-06,"Wayne County, MI",NA,NA,NA,2020-03-24,-18
0,2020-03-07,"Wayne County, MI",NA,NA,NA,2020-03-24,-17
0,2020-03-08,"Wayne County, MI",NA,NA,NA,2020-03-24,-16
0,2020-03-09,"Wayne County, MI",NA,NA,NA,2020-03-24,-15
0,2020-03-10,"Wayne County, MI",NA,NA,NA,2020-03-24,-14
0,2020-03-11,"Wayne County, MI",NA,NA,NA,2020-03-24,-13
0,2020-03-12,"Wayne County, MI",NA,NA,NA,2020-03-24,-12
0,2020-03-13,"Wayne County, MI",NA,NA,NA,2020-03-24,-11
0,2020-03-14,"Wayne County, MI",NA,NA,NA,2020-03-24,-10
0,2020-03-15,"Wayne County, MI",NA,NA,NA,2020-03-24,-9
0,2020-03-16,"Wayne County, MI",NA,NA,NA,2020-03-24,-8
0,2020-03-17,"Wayne County, MI",NA,NA,NA,2020-03-24,-7
1,2020-03-18,"Wayne County, MI",NA,NA,NA,2020-03-24,-6
1,2020-03-19,"Wayne County, MI",NA,NA,NA,2020-03-24,-5
3,2020-03-20,"Wayne County, MI",NA,NA,NA,2020-03-24,-4
4,2020-03-21,"Wayne County, MI",NA,NA,NA,2020-03-24,-3
5,2020-03-22,"Wayne County, MI",NA,NA,NA,2020-03-24,-2
8,2020-03-23,"Wayne County, MI",NA,NA,NA,2020-03-24,-1
13,2020-03-24,"Wayne County, MI",NA,NA,NA,2020-03-24,0
21,2020-03-25,"Wayne County, MI",NA,NA,NA,2020-03-24,1
26,2020-03-26,"Wayne County, MI",NA,NA,NA,2020-03-24,2
37,2020-03-27,"Wayne County, MI",NA,NA,NA,2020-03-24,3
46,2020-03-28,"Wayne County, MI",NA,NA,NA,2020-03-24,4
56,2020-03-29,"Wayne County, MI",NA,NA,NA,2020-03-24,5
83,2020-03-30,"Wayne County, MI",73.73321153,67.09710993778236,70.05801556,2020-03-24,6
120,2020-03-31,"Wayne County, MI",94.51801873,80.21323100168104,86.59576234,2020-03-24,7
146,2020-04-01,"Wayne County, MI",121.16189812999998,95.72594628962976,107.07499689,2020-03-24,8
0,2020-01-22,"Orleans County, LA",NA,NA,NA,2020-03-20,-58
0,2020-01-23,"Orleans County, LA",NA,NA,NA,2020-03-20,-57
0,2020-01-24,"Orleans County, LA",NA,NA,NA,2020-03-20,-56
0,2020-01-25,"Orleans County, LA",NA,NA,NA,2020-03-20,-55
0,2020-01-26,"Orleans County, LA",NA,NA,NA,2020-03-20,-54
0,2020-01-27,"Orleans County, LA",NA,NA,NA,2020-03-20,-53
0,2020-01-28,"Orleans County, LA",NA,NA,NA,2020-03-20,-52
0,2020-01-29,"Orleans County, LA",NA,NA,NA,2020-03-20,-51
0,2020-01-30,"Orleans County, LA",NA,NA,NA,2020-03-20,-50
0,2020-01-31,"Orleans County, LA",NA,NA,NA,2020-03-20,-49
0,2020-02-01,"Orleans County, LA",NA,NA,NA,2020-03-20,-48
0,2020-02-02,"Orleans County, LA",NA,NA,NA,2020-03-20,-47
0,2020-02-03,"Orleans County, LA",NA,NA,NA,2020-03-20,-46
0,2020-02-04,"Orleans County, LA",NA,NA,NA,2020-03-20,-45
0,2020-02-05,"Orleans County, LA",NA,NA,NA,2020-03-20,-44
0,2020-02-06,"Orleans County, LA",NA,NA,NA,2020-03-20,-43
0,2020-02-07,"Orleans County, LA",NA,NA,NA,2020-03-20,-42
0,2020-02-08,"Orleans County, LA",NA,NA,NA,2020-03-20,-41
0,2020-02-09,"Orleans County, LA",NA,NA,NA,2020-03-20,-40
0,2020-02-10,"Orleans County, LA",NA,NA,NA,2020-03-20,-39
0,2020-02-11,"Orleans County, LA",NA,NA,NA,2020-03-20,-38
0,2020-02-12,"Orleans County, LA",NA,NA,NA,2020-03-20,-37
0,2020-02-13,"Orleans County, LA",NA,NA,NA,2020-03-20,-36
0,2020-02-14,"Orleans County, LA",NA,NA,NA,2020-03-20,-35
0,2020-02-15,"Orleans County, LA",NA,NA,NA,2020-03-20,-34
0,2020-02-16,"Orleans County, LA",NA,NA,NA,2020-03-20,-33
0,2020-02-17,"Orleans County, LA",NA,NA,NA,2020-03-20,-32
0,2020-02-18,"Orleans County, LA",NA,NA,NA,2020-03-20,-31
0,2020-02-19,"Orleans County, LA",NA,NA,NA,2020-03-20,-30
0,2020-02-20,"Orleans County, LA",NA,NA,NA,2020-03-20,-29
0,2020-02-21,"Orleans County, LA",NA,NA,NA,2020-03-20,-28
0,2020-02-22,"Orleans County, LA",NA,NA,NA,2020-03-20,-27
0,2020-02-23,"Orleans County, LA",NA,NA,NA,2020-03-20,-26
0,2020-02-24,"Orleans County, LA",NA,NA,NA,2020-03-20,-25
0,2020-02-25,"Orleans County, LA",NA,NA,NA,2020-03-20,-24
0,2020-02-26,"Orleans County, LA",NA,NA,NA,2020-03-20,-23
0,2020-02-27,"Orleans County, LA",NA,NA,NA,2020-03-20,-22
0,2020-02-28,"Orleans County, LA",NA,NA,NA,2020-03-20,-21
0,2020-02-29,"Orleans County, LA",NA,NA,NA,2020-03-20,-20
0,2020-03-01,"Orleans County, LA",NA,NA,NA,2020-03-20,-19
0,2020-03-02,"Orleans County, LA",NA,NA,NA,2020-03-20,-18
0,2020-03-03,"Orleans County, LA",NA,NA,NA,2020-03-20,-17
0,2020-03-04,"Orleans County, LA",NA,NA,NA,2020-03-20,-16
0,2020-03-05,"Orleans County, LA",NA,NA,NA,2020-03-20,-15
0,2020-03-06,"Orleans County, LA",NA,NA,NA,2020-03-20,-14
0,2020-03-07,"Orleans County, LA",NA,NA,NA,2020-03-20,-13
0,2020-03-08,"Orleans County, LA",NA,NA,NA,2020-03-20,-12
0,2020-03-09,"Orleans County, LA",NA,NA,NA,2020-03-20,-11
0,2020-03-10,"Orleans County, LA",NA,NA,NA,2020-03-20,-10
0,2020-03-11,"Orleans County, LA",NA,NA,NA,2020-03-20,-9
0,2020-03-12,"Orleans County, LA",NA,NA,NA,2020-03-20,-8
0,2020-03-13,"Orleans County, LA",NA,NA,NA,2020-03-20,-7
1,2020-03-14,"Orleans County, LA",NA,NA,NA,2020-03-20,-6
2,2020-03-15,"Orleans County, LA",NA,NA,NA,2020-03-20,-5
3,2020-03-16,"Orleans County, LA",NA,NA,NA,2020-03-20,-4
4,2020-03-17,"Orleans County, LA",NA,NA,NA,2020-03-20,-3
6,2020-03-18,"Orleans County, LA",NA,NA,NA,2020-03-20,-2
8,2020-03-19,"Orleans County, LA",NA,NA,NA,2020-03-20,-1
10,2020-03-20,"Orleans County, LA",NA,NA,NA,2020-03-20,0
15,2020-03-21,"Orleans County, LA",NA,NA,NA,2020-03-20,1
15,2020-03-22,"Orleans County, LA",NA,NA,NA,2020-03-20,2
20,2020-03-23,"Orleans County, LA",NA,NA,NA,2020-03-20,3
26,2020-03-24,"Orleans County, LA",NA,NA,NA,2020-03-20,4
37,2020-03-25,"Orleans County, LA",NA,NA,NA,2020-03-20,5
46,2020-03-26,"Orleans County, LA",NA,NA,NA,2020-03-20,6
57,2020-03-27,"Orleans County, LA",NA,NA,NA,2020-03-20,7
70,2020-03-28,"Orleans County, LA",NA,NA,NA,2020-03-20,8
73,2020-03-29,"Orleans County, LA",NA,NA,NA,2020-03-20,9
86,2020-03-30,"Orleans County, LA",92.01938032,87.19344030560391,89.44071698000002,2020-03-20,10
101,2020-03-31,"Orleans County, LA",109.26419211,103.98551142965631,106.44361409000003,2020-03-20,11
115,2020-04-01,"Orleans County, LA",129.74075282999996,123.86495839585126,126.60111669000001,2020-03-20,12
0,2020-01-22,"Oakland County, MI",NA,NA,NA,2020-03-25,-63
0,2020-01-23,"Oakland County, MI",NA,NA,NA,2020-03-25,-62
0,2020-01-24,"Oakland County, MI",NA,NA,NA,2020-03-25,-61
0,2020-01-25,"Oakland County, MI",NA,NA,NA,2020-03-25,-60
0,2020-01-26,"Oakland County, MI",NA,NA,NA,2020-03-25,-59
0,2020-01-27,"Oakland County, MI",NA,NA,NA,2020-03-25,-58
0,2020-01-28,"Oakland County, MI",NA,NA,NA,2020-03-25,-57
0,2020-01-29,"Oakland County, MI",NA,NA,NA,2020-03-25,-56
0,2020-01-30,"Oakland County, MI",NA,NA,NA,2020-03-25,-55
0,2020-01-31,"Oakland County, MI",NA,NA,NA,2020-03-25,-54
0,2020-02-01,"Oakland County, MI",NA,NA,NA,2020-03-25,-53
0,2020-02-02,"Oakland County, MI",NA,NA,NA,2020-03-25,-52
0,2020-02-03,"Oakland County, MI",NA,NA,NA,2020-03-25,-51
0,2020-02-04,"Oakland County, MI",NA,NA,NA,2020-03-25,-50
0,2020-02-05,"Oakland County, MI",NA,NA,NA,2020-03-25,-49
0,2020-02-06,"Oakland County, MI",NA,NA,NA,2020-03-25,-48
0,2020-02-07,"Oakland County, MI",NA,NA,NA,2020-03-25,-47
0,2020-02-08,"Oakland County, MI",NA,NA,NA,2020-03-25,-46
0,2020-02-09,"Oakland County, MI",NA,NA,NA,2020-03-25,-45
0,2020-02-10,"Oakland County, MI",NA,NA,NA,2020-03-25,-44
0,2020-02-11,"Oakland County, MI",NA,NA,NA,2020-03-25,-43
0,2020-02-12,"Oakland County, MI",NA,NA,NA,2020-03-25,-42
0,2020-02-13,"Oakland County, MI",NA,NA,NA,2020-03-25,-41
0,2020-02-14,"Oakland County, MI",NA,NA,NA,2020-03-25,-40
0,2020-02-15,"Oakland County, MI",NA,NA,NA,2020-03-25,-39
0,2020-02-16,"Oakland County, MI",NA,NA,NA,2020-03-25,-38
0,2020-02-17,"Oakland County, MI",NA,NA,NA,2020-03-25,-37
0,2020-02-18,"Oakland County, MI",NA,NA,NA,2020-03-25,-36
0,2020-02-19,"Oakland County, MI",NA,NA,NA,2020-03-25,-35
0,2020-02-20,"Oakland County, MI",NA,NA,NA,2020-03-25,-34
0,2020-02-21,"Oakland County, MI",NA,NA,NA,2020-03-25,-33
0,2020-02-22,"Oakland County, MI",NA,NA,NA,2020-03-25,-32
0,2020-02-23,"Oakland County, MI",NA,NA,NA,2020-03-25,-31
0,2020-02-24,"Oakland County, MI",NA,NA,NA,2020-03-25,-30
0,2020-02-25,"Oakland County, MI",NA,NA,NA,2020-03-25,-29
0,2020-02-26,"Oakland County, MI",NA,NA,NA,2020-03-25,-28
0,2020-02-27,"Oakland County, MI",NA,NA,NA,2020-03-25,-27
0,2020-02-28,"Oakland County, MI",NA,NA,NA,2020-03-25,-26
0,2020-02-29,"Oakland County, MI",NA,NA,NA,2020-03-25,-25
0,2020-03-01,"Oakland County, MI",NA,NA,NA,2020-03-25,-24
0,2020-03-02,"Oakland County, MI",NA,NA,NA,2020-03-25,-23
0,2020-03-03,"Oakland County, MI",NA,NA,NA,2020-03-25,-22
0,2020-03-04,"Oakland County, MI",NA,NA,NA,2020-03-25,-21
0,2020-03-05,"Oakland County, MI",NA,NA,NA,2020-03-25,-20
0,2020-03-06,"Oakland County, MI",NA,NA,NA,2020-03-25,-19
0,2020-03-07,"Oakland County, MI",NA,NA,NA,2020-03-25,-18
0,2020-03-08,"Oakland County, MI",NA,NA,NA,2020-03-25,-17
0,2020-03-09,"Oakland County, MI",NA,NA,NA,2020-03-25,-16
0,2020-03-10,"Oakland County, MI",NA,NA,NA,2020-03-25,-15
0,2020-03-11,"Oakland County, MI",NA,NA,NA,2020-03-25,-14
0,2020-03-12,"Oakland County, MI",NA,NA,NA,2020-03-25,-13
0,2020-03-13,"Oakland County, MI",NA,NA,NA,2020-03-25,-12
0,2020-03-14,"Oakland County, MI",NA,NA,NA,2020-03-25,-11
0,2020-03-15,"Oakland County, MI",NA,NA,NA,2020-03-25,-10
0,2020-03-16,"Oakland County, MI",NA,NA,NA,2020-03-25,-9
0,2020-03-17,"Oakland County, MI",NA,NA,NA,2020-03-25,-8
0,2020-03-18,"Oakland County, MI",NA,NA,NA,2020-03-25,-7
0,2020-03-19,"Oakland County, MI",NA,NA,NA,2020-03-25,-6
0,2020-03-20,"Oakland County, MI",NA,NA,NA,2020-03-25,-5
1,2020-03-21,"Oakland County, MI",NA,NA,NA,2020-03-25,-4
1,2020-03-22,"Oakland County, MI",NA,NA,NA,2020-03-25,-3
4,2020-03-23,"Oakland County, MI",NA,NA,NA,2020-03-25,-2
4,2020-03-24,"Oakland County, MI",NA,NA,NA,2020-03-25,-1
10,2020-03-25,"Oakland County, MI",NA,NA,NA,2020-03-25,0
15,2020-03-26,"Oakland County, MI",NA,NA,NA,2020-03-25,1
26,2020-03-27,"Oakland County, MI",NA,NA,NA,2020-03-25,2
31,2020-03-28,"Oakland County, MI",NA,NA,NA,2020-03-25,3
31,2020-03-29,"Oakland County, MI",NA,NA,NA,2020-03-25,4
48,2020-03-30,"Oakland County, MI",46.62207563000001,37.58746514868037,40.633511430000006,2020-03-25,5
70,2020-03-31,"Oakland County, MI",60.72735304000001,45.356838011029815,50.539053700000004,2020-03-25,6
99,2020-04-01,"Oakland County, MI",79.10011208,54.52651063339192,62.81157476999999,2020-03-25,7
0,2020-01-22,"Bergen County, NJ",NA,NA,NA,2020-03-24,-62
0,2020-01-23,"Bergen County, NJ",NA,NA,NA,2020-03-24,-61
0,2020-01-24,"Bergen County, NJ",NA,NA,NA,2020-03-24,-60
0,2020-01-25,"Bergen County, NJ",NA,NA,NA,2020-03-24,-59
0,2020-01-26,"Bergen County, NJ",NA,NA,NA,2020-03-24,-58
0,2020-01-27,"Bergen County, NJ",NA,NA,NA,2020-03-24,-57
0,2020-01-28,"Bergen County, NJ",NA,NA,NA,2020-03-24,-56
0,2020-01-29,"Bergen County, NJ",NA,NA,NA,2020-03-24,-55
0,2020-01-30,"Bergen County, NJ",NA,NA,NA,2020-03-24,-54
0,2020-01-31,"Bergen County, NJ",NA,NA,NA,2020-03-24,-53
0,2020-02-01,"Bergen County, NJ",NA,NA,NA,2020-03-24,-52
0,2020-02-02,"Bergen County, NJ",NA,NA,NA,2020-03-24,-51
0,2020-02-03,"Bergen County, NJ",NA,NA,NA,2020-03-24,-50
0,2020-02-04,"Bergen County, NJ",NA,NA,NA,2020-03-24,-49
0,2020-02-05,"Bergen County, NJ",NA,NA,NA,2020-03-24,-48
0,2020-02-06,"Bergen County, NJ",NA,NA,NA,2020-03-24,-47
0,2020-02-07,"Bergen County, NJ",NA,NA,NA,2020-03-24,-46
0,2020-02-08,"Bergen County, NJ",NA,NA,NA,2020-03-24,-45
0,2020-02-09,"Bergen County, NJ",NA,NA,NA,2020-03-24,-44
0,2020-02-10,"Bergen County, NJ",NA,NA,NA,2020-03-24,-43
0,2020-02-11,"Bergen County, NJ",NA,NA,NA,2020-03-24,-42
0,2020-02-12,"Bergen County, NJ",NA,NA,NA,2020-03-24,-41
0,2020-02-13,"Bergen County, NJ",NA,NA,NA,2020-03-24,-40
0,2020-02-14,"Bergen County, NJ",NA,NA,NA,2020-03-24,-39
0,2020-02-15,"Bergen County, NJ",NA,NA,NA,2020-03-24,-38
0,2020-02-16,"Bergen County, NJ",NA,NA,NA,2020-03-24,-37
0,2020-02-17,"Bergen County, NJ",NA,NA,NA,2020-03-24,-36
0,2020-02-18,"Bergen County, NJ",NA,NA,NA,2020-03-24,-35
0,2020-02-19,"Bergen County, NJ",NA,NA,NA,2020-03-24,-34
0,2020-02-20,"Bergen County, NJ",NA,NA,NA,2020-03-24,-33
0,2020-02-21,"Bergen County, NJ",NA,NA,NA,2020-03-24,-32
0,2020-02-22,"Bergen County, NJ",NA,NA,NA,2020-03-24,-31
0,2020-02-23,"Bergen County, NJ",NA,NA,NA,2020-03-24,-30
0,2020-02-24,"Bergen County, NJ",NA,NA,NA,2020-03-24,-29
0,2020-02-25,"Bergen County, NJ",NA,NA,NA,2020-03-24,-28
0,2020-02-26,"Bergen County, NJ",NA,NA,NA,2020-03-24,-27
0,2020-02-27,"Bergen County, NJ",NA,NA,NA,2020-03-24,-26
0,2020-02-28,"Bergen County, NJ",NA,NA,NA,2020-03-24,-25
0,2020-02-29,"Bergen County, NJ",NA,NA,NA,2020-03-24,-24
0,2020-03-01,"Bergen County, NJ",NA,NA,NA,2020-03-24,-23
0,2020-03-02,"Bergen County, NJ",NA,NA,NA,2020-03-24,-22
0,2020-03-03,"Bergen County, NJ",NA,NA,NA,2020-03-24,-21
0,2020-03-04,"Bergen County, NJ",NA,NA,NA,2020-03-24,-20
0,2020-03-05,"Bergen County, NJ",NA,NA,NA,2020-03-24,-19
0,2020-03-06,"Bergen County, NJ",NA,NA,NA,2020-03-24,-18
0,2020-03-07,"Bergen County, NJ",NA,NA,NA,2020-03-24,-17
0,2020-03-08,"Bergen County, NJ",NA,NA,NA,2020-03-24,-16
1,2020-03-09,"Bergen County, NJ",NA,NA,NA,2020-03-24,-15
1,2020-03-10,"Bergen County, NJ",NA,NA,NA,2020-03-24,-14
1,2020-03-11,"Bergen County, NJ",NA,NA,NA,2020-03-24,-13
1,2020-03-12,"Bergen County, NJ",NA,NA,NA,2020-03-24,-12
1,2020-03-13,"Bergen County, NJ",NA,NA,NA,2020-03-24,-11
1,2020-03-14,"Bergen County, NJ",NA,NA,NA,2020-03-24,-10
1,2020-03-15,"Bergen County, NJ",NA,NA,NA,2020-03-24,-9
2,2020-03-16,"Bergen County, NJ",NA,NA,NA,2020-03-24,-8
2,2020-03-17,"Bergen County, NJ",NA,NA,NA,2020-03-24,-7
2,2020-03-18,"Bergen County, NJ",NA,NA,NA,2020-03-24,-6
3,2020-03-19,"Bergen County, NJ",NA,NA,NA,2020-03-24,-5
4,2020-03-20,"Bergen County, NJ",NA,NA,NA,2020-03-24,-4
6,2020-03-21,"Bergen County, NJ",NA,NA,NA,2020-03-24,-3
7,2020-03-22,"Bergen County, NJ",NA,NA,NA,2020-03-24,-2
9,2020-03-23,"Bergen County, NJ",NA,NA,NA,2020-03-24,-1
14,2020-03-24,"Bergen County, NJ",NA,NA,NA,2020-03-24,0
14,2020-03-25,"Bergen County, NJ",NA,NA,NA,2020-03-24,1
17,2020-03-26,"Bergen County, NJ",NA,NA,NA,2020-03-24,2
24,2020-03-27,"Bergen County, NJ",NA,NA,NA,2020-03-24,3
32,2020-03-28,"Bergen County, NJ",NA,NA,NA,2020-03-24,4
32,2020-03-29,"Bergen County, NJ",NA,NA,NA,2020-03-24,5
32,2020-03-30,"Bergen County, NJ",43.747011549999996,38.766526039605715,41.26340289000001,2020-03-24,6
45,2020-03-31,"Bergen County, NJ",54.440910380000005,46.747992550284096,50.604698559999996,2020-03-24,7
75,2020-04-01,"Bergen County, NJ",67.74891856,56.16903366177953,61.97440072,2020-03-24,8
0,2020-01-22,"Richmond County, NY",NA,NA,NA,2020-03-23,-61
0,2020-01-23,"Richmond County, NY",NA,NA,NA,2020-03-23,-60
0,2020-01-24,"Richmond County, NY",NA,NA,NA,2020-03-23,-59
0,2020-01-25,"Richmond County, NY",NA,NA,NA,2020-03-23,-58
0,2020-01-26,"Richmond County, NY",NA,NA,NA,2020-03-23,-57
0,2020-01-27,"Richmond County, NY",NA,NA,NA,2020-03-23,-56
0,2020-01-28,"Richmond County, NY",NA,NA,NA,2020-03-23,-55
0,2020-01-29,"Richmond County, NY",NA,NA,NA,2020-03-23,-54
0,2020-01-30,"Richmond County, NY",NA,NA,NA,2020-03-23,-53
0,2020-01-31,"Richmond County, NY",NA,NA,NA,2020-03-23,-52
0,2020-02-01,"Richmond County, NY",NA,NA,NA,2020-03-23,-51
0,2020-02-02,"Richmond County, NY",NA,NA,NA,2020-03-23,-50
0,2020-02-03,"Richmond County, NY",NA,NA,NA,2020-03-23,-49
0,2020-02-04,"Richmond County, NY",NA,NA,NA,2020-03-23,-48
0,2020-02-05,"Richmond County, NY",NA,NA,NA,2020-03-23,-47
0,2020-02-06,"Richmond County, NY",NA,NA,NA,2020-03-23,-46
0,2020-02-07,"Richmond County, NY",NA,NA,NA,2020-03-23,-45
0,2020-02-08,"Richmond County, NY",NA,NA,NA,2020-03-23,-44
0,2020-02-09,"Richmond County, NY",NA,NA,NA,2020-03-23,-43
0,2020-02-10,"Richmond County, NY",NA,NA,NA,2020-03-23,-42
0,2020-02-11,"Richmond County, NY",NA,NA,NA,2020-03-23,-41
0,2020-02-12,"Richmond County, NY",NA,NA,NA,2020-03-23,-40
0,2020-02-13,"Richmond County, NY",NA,NA,NA,2020-03-23,-39
0,2020-02-14,"Richmond County, NY",NA,NA,NA,2020-03-23,-38
0,2020-02-15,"Richmond County, NY",NA,NA,NA,2020-03-23,-37
0,2020-02-16,"Richmond County, NY",NA,NA,NA,2020-03-23,-36
0,2020-02-17,"Richmond County, NY",NA,NA,NA,2020-03-23,-35
0,2020-02-18,"Richmond County, NY",NA,NA,NA,2020-03-23,-34
0,2020-02-19,"Richmond County, NY",NA,NA,NA,2020-03-23,-33
0,2020-02-20,"Richmond County, NY",NA,NA,NA,2020-03-23,-32
0,2020-02-21,"Richmond County, NY",NA,NA,NA,2020-03-23,-31
0,2020-02-22,"Richmond County, NY",NA,NA,NA,2020-03-23,-30
0,2020-02-23,"Richmond County, NY",NA,NA,NA,2020-03-23,-29
0,2020-02-24,"Richmond County, NY",NA,NA,NA,2020-03-23,-28
0,2020-02-25,"Richmond County, NY",NA,NA,NA,2020-03-23,-27
0,2020-02-26,"Richmond County, NY",NA,NA,NA,2020-03-23,-26
0,2020-02-27,"Richmond County, NY",NA,NA,NA,2020-03-23,-25
0,2020-02-28,"Richmond County, NY",NA,NA,NA,2020-03-23,-24
0,2020-02-29,"Richmond County, NY",NA,NA,NA,2020-03-23,-23
0,2020-03-01,"Richmond County, NY",NA,NA,NA,2020-03-23,-22
0,2020-03-02,"Richmond County, NY",NA,NA,NA,2020-03-23,-21
0,2020-03-03,"Richmond County, NY",NA,NA,NA,2020-03-23,-20
0,2020-03-04,"Richmond County, NY",NA,NA,NA,2020-03-23,-19
0,2020-03-05,"Richmond County, NY",NA,NA,NA,2020-03-23,-18
0,2020-03-06,"Richmond County, NY",NA,NA,NA,2020-03-23,-17
0,2020-03-07,"Richmond County, NY",NA,NA,NA,2020-03-23,-16
0,2020-03-08,"Richmond County, NY",NA,NA,NA,2020-03-23,-15
0,2020-03-09,"Richmond County, NY",NA,NA,NA,2020-03-23,-14
0,2020-03-10,"Richmond County, NY",NA,NA,NA,2020-03-23,-13
0,2020-03-11,"Richmond County, NY",NA,NA,NA,2020-03-23,-12
0,2020-03-12,"Richmond County, NY",NA,NA,NA,2020-03-23,-11
0,2020-03-13,"Richmond County, NY",NA,NA,NA,2020-03-23,-10
0,2020-03-14,"Richmond County, NY",NA,NA,NA,2020-03-23,-9
0,2020-03-15,"Richmond County, NY",NA,NA,NA,2020-03-23,-8
0,2020-03-16,"Richmond County, NY",NA,NA,NA,2020-03-23,-7
0,2020-03-17,"Richmond County, NY",NA,NA,NA,2020-03-23,-6
0,2020-03-18,"Richmond County, NY",NA,NA,NA,2020-03-23,-5
0,2020-03-19,"Richmond County, NY",NA,NA,NA,2020-03-23,-4
0,2020-03-20,"Richmond County, NY",NA,NA,NA,2020-03-23,-3
0,2020-03-21,"Richmond County, NY",NA,NA,NA,2020-03-23,-2
4,2020-03-22,"Richmond County, NY",NA,NA,NA,2020-03-23,-1
11,2020-03-23,"Richmond County, NY",NA,NA,NA,2020-03-23,0
4,2020-03-24,"Richmond County, NY",NA,NA,NA,2020-03-23,1
21,2020-03-25,"Richmond County, NY",NA,NA,NA,2020-03-23,2
26,2020-03-26,"Richmond County, NY",NA,NA,NA,2020-03-23,3
33,2020-03-27,"Richmond County, NY",NA,NA,NA,2020-03-23,4
43,2020-03-28,"Richmond County, NY",NA,NA,NA,2020-03-23,5
46,2020-03-29,"Richmond County, NY",NA,NA,NA,2020-03-23,6
58,2020-03-30,"Richmond County, NY",59.45510078,55.28586338087126,56.68508101,2020-03-23,7
67,2020-03-31,"Richmond County, NY",72.74191787000001,66.25335142504463,68.43094787,2020-03-23,8
73,2020-04-01,"Richmond County, NY",88.99802619,79.21566069048036,82.49867313,2020-03-23,9
0,2020-01-22,"Suffolk County, NY",NA,NA,NA,2020-03-24,-62
0,2020-01-23,"Suffolk County, NY",NA,NA,NA,2020-03-24,-61
0,2020-01-24,"Suffolk County, NY",NA,NA,NA,2020-03-24,-60
0,2020-01-25,"Suffolk County, NY",NA,NA,NA,2020-03-24,-59
0,2020-01-26,"Suffolk County, NY",NA,NA,NA,2020-03-24,-58
0,2020-01-27,"Suffolk County, NY",NA,NA,NA,2020-03-24,-57
0,2020-01-28,"Suffolk County, NY",NA,NA,NA,2020-03-24,-56
0,2020-01-29,"Suffolk County, NY",NA,NA,NA,2020-03-24,-55
0,2020-01-30,"Suffolk County, NY",NA,NA,NA,2020-03-24,-54
0,2020-01-31,"Suffolk County, NY",NA,NA,NA,2020-03-24,-53
0,2020-02-01,"Suffolk County, NY",NA,NA,NA,2020-03-24,-52
0,2020-02-02,"Suffolk County, NY",NA,NA,NA,2020-03-24,-51
0,2020-02-03,"Suffolk County, NY",NA,NA,NA,2020-03-24,-50
0,2020-02-04,"Suffolk County, NY",NA,NA,NA,2020-03-24,-49
0,2020-02-05,"Suffolk County, NY",NA,NA,NA,2020-03-24,-48
0,2020-02-06,"Suffolk County, NY",NA,NA,NA,2020-03-24,-47
0,2020-02-07,"Suffolk County, NY",NA,NA,NA,2020-03-24,-46
0,2020-02-08,"Suffolk County, NY",NA,NA,NA,2020-03-24,-45
0,2020-02-09,"Suffolk County, NY",NA,NA,NA,2020-03-24,-44
0,2020-02-10,"Suffolk County, NY",NA,NA,NA,2020-03-24,-43
0,2020-02-11,"Suffolk County, NY",NA,NA,NA,2020-03-24,-42
0,2020-02-12,"Suffolk County, NY",NA,NA,NA,2020-03-24,-41
0,2020-02-13,"Suffolk County, NY",NA,NA,NA,2020-03-24,-40
0,2020-02-14,"Suffolk County, NY",NA,NA,NA,2020-03-24,-39
0,2020-02-15,"Suffolk County, NY",NA,NA,NA,2020-03-24,-38
0,2020-02-16,"Suffolk County, NY",NA,NA,NA,2020-03-24,-37
0,2020-02-17,"Suffolk County, NY",NA,NA,NA,2020-03-24,-36
0,2020-02-18,"Suffolk County, NY",NA,NA,NA,2020-03-24,-35
0,2020-02-19,"Suffolk County, NY",NA,NA,NA,2020-03-24,-34
0,2020-02-20,"Suffolk County, NY",NA,NA,NA,2020-03-24,-33
0,2020-02-21,"Suffolk County, NY",NA,NA,NA,2020-03-24,-32
0,2020-02-22,"Suffolk County, NY",NA,NA,NA,2020-03-24,-31
0,2020-02-23,"Suffolk County, NY",NA,NA,NA,2020-03-24,-30
0,2020-02-24,"Suffolk County, NY",NA,NA,NA,2020-03-24,-29
0,2020-02-25,"Suffolk County, NY",NA,NA,NA,2020-03-24,-28
0,2020-02-26,"Suffolk County, NY",NA,NA,NA,2020-03-24,-27
0,2020-02-27,"Suffolk County, NY",NA,NA,NA,2020-03-24,-26
0,2020-02-28,"Suffolk County, NY",NA,NA,NA,2020-03-24,-25
0,2020-02-29,"Suffolk County, NY",NA,NA,NA,2020-03-24,-24
0,2020-03-01,"Suffolk County, NY",NA,NA,NA,2020-03-24,-23
0,2020-03-02,"Suffolk County, NY",NA,NA,NA,2020-03-24,-22
0,2020-03-03,"Suffolk County, NY",NA,NA,NA,2020-03-24,-21
0,2020-03-04,"Suffolk County, NY",NA,NA,NA,2020-03-24,-20
0,2020-03-05,"Suffolk County, NY",NA,NA,NA,2020-03-24,-19
0,2020-03-06,"Suffolk County, NY",NA,NA,NA,2020-03-24,-18
0,2020-03-07,"Suffolk County, NY",NA,NA,NA,2020-03-24,-17
0,2020-03-08,"Suffolk County, NY",NA,NA,NA,2020-03-24,-16
0,2020-03-09,"Suffolk County, NY",NA,NA,NA,2020-03-24,-15
0,2020-03-10,"Suffolk County, NY",NA,NA,NA,2020-03-24,-14
0,2020-03-11,"Suffolk County, NY",NA,NA,NA,2020-03-24,-13
0,2020-03-12,"Suffolk County, NY",NA,NA,NA,2020-03-24,-12
0,2020-03-13,"Suffolk County, NY",NA,NA,NA,2020-03-24,-11
0,2020-03-14,"Suffolk County, NY",NA,NA,NA,2020-03-24,-10
0,2020-03-15,"Suffolk County, NY",NA,NA,NA,2020-03-24,-9
2,2020-03-16,"Suffolk County, NY",NA,NA,NA,2020-03-24,-8
2,2020-03-17,"Suffolk County, NY",NA,NA,NA,2020-03-24,-7
3,2020-03-18,"Suffolk County, NY",NA,NA,NA,2020-03-24,-6
3,2020-03-19,"Suffolk County, NY",NA,NA,NA,2020-03-24,-5
3,2020-03-20,"Suffolk County, NY",NA,NA,NA,2020-03-24,-4
3,2020-03-21,"Suffolk County, NY",NA,NA,NA,2020-03-24,-3
4,2020-03-22,"Suffolk County, NY",NA,NA,NA,2020-03-24,-2
4,2020-03-23,"Suffolk County, NY",NA,NA,NA,2020-03-24,-1
17,2020-03-24,"Suffolk County, NY",NA,NA,NA,2020-03-24,0
20,2020-03-25,"Suffolk County, NY",NA,NA,NA,2020-03-24,1
22,2020-03-26,"Suffolk County, NY",NA,NA,NA,2020-03-24,2
30,2020-03-27,"Suffolk County, NY",NA,NA,NA,2020-03-24,3
37,2020-03-28,"Suffolk County, NY",NA,NA,NA,2020-03-24,4
40,2020-03-29,"Suffolk County, NY",NA,NA,NA,2020-03-24,5
44,2020-03-30,"Suffolk County, NY",50.48798665999999,48.20351292240387,48.891610240000006,2020-03-24,6
53,2020-03-31,"Suffolk County, NY",60.89132127,57.887743996581065,58.792439650000006,2020-03-24,7
69,2020-04-01,"Suffolk County, NY",73.43832169000001,69.32768433583935,70.56583318,2020-03-24,8
0,2020-01-22,"Dougherty County, GA",NA,NA,NA,2020-03-27,-65
0,2020-01-23,"Dougherty County, GA",NA,NA,NA,2020-03-27,-64
0,2020-01-24,"Dougherty County, GA",NA,NA,NA,2020-03-27,-63
0,2020-01-25,"Dougherty County, GA",NA,NA,NA,2020-03-27,-62
0,2020-01-26,"Dougherty County, GA",NA,NA,NA,2020-03-27,-61
0,2020-01-27,"Dougherty County, GA",NA,NA,NA,2020-03-27,-60
0,2020-01-28,"Dougherty County, GA",NA,NA,NA,2020-03-27,-59
0,2020-01-29,"Dougherty County, GA",NA,NA,NA,2020-03-27,-58
0,2020-01-30,"Dougherty County, GA",NA,NA,NA,2020-03-27,-57
0,2020-01-31,"Dougherty County, GA",NA,NA,NA,2020-03-27,-56
0,2020-02-01,"Dougherty County, GA",NA,NA,NA,2020-03-27,-55
0,2020-02-02,"Dougherty County, GA",NA,NA,NA,2020-03-27,-54
0,2020-02-03,"Dougherty County, GA",NA,NA,NA,2020-03-27,-53
0,2020-02-04,"Dougherty County, GA",NA,NA,NA,2020-03-27,-52
0,2020-02-05,"Dougherty County, GA",NA,NA,NA,2020-03-27,-51
0,2020-02-06,"Dougherty County, GA",NA,NA,NA,2020-03-27,-50
0,2020-02-07,"Dougherty County, GA",NA,NA,NA,2020-03-27,-49
0,2020-02-08,"Dougherty County, GA",NA,NA,NA,2020-03-27,-48
0,2020-02-09,"Dougherty County, GA",NA,NA,NA,2020-03-27,-47
0,2020-02-10,"Dougherty County, GA",NA,NA,NA,2020-03-27,-46
0,2020-02-11,"Dougherty County, GA",NA,NA,NA,2020-03-27,-45
0,2020-02-12,"Dougherty County, GA",NA,NA,NA,2020-03-27,-44
0,2020-02-13,"Dougherty County, GA",NA,NA,NA,2020-03-27,-43
0,2020-02-14,"Dougherty County, GA",NA,NA,NA,2020-03-27,-42
0,2020-02-15,"Dougherty County, GA",NA,NA,NA,2020-03-27,-41
0,2020-02-16,"Dougherty County, GA",NA,NA,NA,2020-03-27,-40
0,2020-02-17,"Dougherty County, GA",NA,NA,NA,2020-03-27,-39
0,2020-02-18,"Dougherty County, GA",NA,NA,NA,2020-03-27,-38
0,2020-02-19,"Dougherty County, GA",NA,NA,NA,2020-03-27,-37
0,2020-02-20,"Dougherty County, GA",NA,NA,NA,2020-03-27,-36
0,2020-02-21,"Dougherty County, GA",NA,NA,NA,2020-03-27,-35
0,2020-02-22,"Dougherty County, GA",NA,NA,NA,2020-03-27,-34
0,2020-02-23,"Dougherty County, GA",NA,NA,NA,2020-03-27,-33
0,2020-02-24,"Dougherty County, GA",NA,NA,NA,2020-03-27,-32
0,2020-02-25,"Dougherty County, GA",NA,NA,NA,2020-03-27,-31
0,2020-02-26,"Dougherty County, GA",NA,NA,NA,2020-03-27,-30
0,2020-02-27,"Dougherty County, GA",NA,NA,NA,2020-03-27,-29
0,2020-02-28,"Dougherty County, GA",NA,NA,NA,2020-03-27,-28
0,2020-02-29,"Dougherty County, GA",NA,NA,NA,2020-03-27,-27
0,2020-03-01,"Dougherty County, GA",NA,NA,NA,2020-03-27,-26
0,2020-03-02,"Dougherty County, GA",NA,NA,NA,2020-03-27,-25
0,2020-03-03,"Dougherty County, GA",NA,NA,NA,2020-03-27,-24
0,2020-03-04,"Dougherty County, GA",NA,NA,NA,2020-03-27,-23
0,2020-03-05,"Dougherty County, GA",NA,NA,NA,2020-03-27,-22
0,2020-03-06,"Dougherty County, GA",NA,NA,NA,2020-03-27,-21
0,2020-03-07,"Dougherty County, GA",NA,NA,NA,2020-03-27,-20
0,2020-03-08,"Dougherty County, GA",NA,NA,NA,2020-03-27,-19
0,2020-03-09,"Dougherty County, GA",NA,NA,NA,2020-03-27,-18
0,2020-03-10,"Dougherty County, GA",NA,NA,NA,2020-03-27,-17
0,2020-03-11,"Dougherty County, GA",NA,NA,NA,2020-03-27,-16
0,2020-03-12,"Dougherty County, GA",NA,NA,NA,2020-03-27,-15
0,2020-03-13,"Dougherty County, GA",NA,NA,NA,2020-03-27,-14
0,2020-03-14,"Dougherty County, GA",NA,NA,NA,2020-03-27,-13
0,2020-03-15,"Dougherty County, GA",NA,NA,NA,2020-03-27,-12
0,2020-03-16,"Dougherty County, GA",NA,NA,NA,2020-03-27,-11
0,2020-03-17,"Dougherty County, GA",NA,NA,NA,2020-03-27,-10
0,2020-03-18,"Dougherty County, GA",NA,NA,NA,2020-03-27,-9
4,2020-03-19,"Dougherty County, GA",NA,NA,NA,2020-03-27,-8
4,2020-03-20,"Dougherty County, GA",NA,NA,NA,2020-03-27,-7
6,2020-03-21,"Dougherty County, GA",NA,NA,NA,2020-03-27,-6
6,2020-03-22,"Dougherty County, GA",NA,NA,NA,2020-03-27,-5
6,2020-03-23,"Dougherty County, GA",NA,NA,NA,2020-03-27,-4
6,2020-03-24,"Dougherty County, GA",NA,NA,NA,2020-03-27,-3
6,2020-03-25,"Dougherty County, GA",NA,NA,NA,2020-03-27,-2
6,2020-03-26,"Dougherty County, GA",NA,NA,NA,2020-03-27,-1
13,2020-03-27,"Dougherty County, GA",NA,NA,NA,2020-03-27,0
17,2020-03-28,"Dougherty County, GA",NA,NA,NA,2020-03-27,1
17,2020-03-29,"Dougherty County, GA",NA,NA,NA,2020-03-27,2
18,2020-03-30,"Dougherty County, GA",25.912864920000004,21.097589109256614,22.73619198,2020-03-27,3
26,2020-03-31,"Dougherty County, GA",34.620121160000004,25.920161638105064,28.880693739999998,2020-03-27,4
29,2020-04-01,"Dougherty County, GA",46.2531948,31.600248333787935,36.586538020000006,2020-03-27,5
0,2020-01-22,"Monmouth County, NJ",NA,NA,NA,2020-03-28,-66
0,2020-01-23,"Monmouth County, NJ",NA,NA,NA,2020-03-28,-65
0,2020-01-24,"Monmouth County, NJ",NA,NA,NA,2020-03-28,-64
0,2020-01-25,"Monmouth County, NJ",NA,NA,NA,2020-03-28,-63
0,2020-01-26,"Monmouth County, NJ",NA,NA,NA,2020-03-28,-62
0,2020-01-27,"Monmouth County, NJ",NA,NA,NA,2020-03-28,-61
0,2020-01-28,"Monmouth County, NJ",NA,NA,NA,2020-03-28,-60
0,2020-01-29,"Monmouth County, NJ",NA,NA,NA,2020-03-28,-59
0,2020-01-30,"Monmouth County, NJ",NA,NA,NA,2020-03-28,-58
0,2020-01-31,"Monmouth County, NJ",NA,NA,NA,2020-03-28,-57
0,2020-02-01,"Monmouth County, NJ",NA,NA,NA,2020-03-28,-56
0,2020-02-02,"Monmouth County, NJ",NA,NA,NA,2020-03-28,-55
0,2020-02-03,"Monmouth County, NJ",NA,NA,NA,2020-03-28,-54
0,2020-02-04,"Monmouth County, NJ",NA,NA,NA,2020-03-28,-53
0,2020-02-05,"Monmouth County, NJ",NA,NA,NA,2020-03-28,-52
0,2020-02-06,"Monmouth County, NJ",NA,NA,NA,2020-03-28,-51
0,2020-02-07,"Monmouth County, NJ",NA,NA,NA,2020-03-28,-50
0,2020-02-08,"Monmouth County, NJ",NA,NA,NA,2020-03-28,-49
0,2020-02-09,"Monmouth County, NJ",NA,NA,NA,2020-03-28,-48
0,2020-02-10,"Monmouth County, NJ",NA,NA,NA,2020-03-28,-47
0,2020-02-11,"Monmouth County, NJ",NA,NA,NA,2020-03-28,-46
0,2020-02-12,"Monmouth County, NJ",NA,NA,NA,2020-03-28,-45
0,2020-02-13,"Monmouth County, NJ",NA,NA,NA,2020-03-28,-44
0,2020-02-14,"Monmouth County, NJ",NA,NA,NA,2020-03-28,-43
0,2020-02-15,"Monmouth County, NJ",NA,NA,NA,2020-03-28,-42
0,2020-02-16,"Monmouth County, NJ",NA,NA,NA,2020-03-28,-41
0,2020-02-17,"Monmouth County, NJ",NA,NA,NA,2020-03-28,-40
0,2020-02-18,"Monmouth County, NJ",NA,NA,NA,2020-03-28,-39
0,2020-02-19,"Monmouth County, NJ",NA,NA,NA,2020-03-28,-38
0,2020-02-20,"Monmouth County, NJ",NA,NA,NA,2020-03-28,-37
0,2020-02-21,"Monmouth County, NJ",NA,NA,NA,2020-03-28,-36
0,2020-02-22,"Monmouth County, NJ",NA,NA,NA,2020-03-28,-35
0,2020-02-23,"Monmouth County, NJ",NA,NA,NA,2020-03-28,-34
0,2020-02-24,"Monmouth County, NJ",NA,NA,NA,2020-03-28,-33
0,2020-02-25,"Monmouth County, NJ",NA,NA,NA,2020-03-28,-32
0,2020-02-26,"Monmouth County, NJ",NA,NA,NA,2020-03-28,-31
0,2020-02-27,"Monmouth County, NJ",NA,NA,NA,2020-03-28,-30
0,2020-02-28,"Monmouth County, NJ",NA,NA,NA,2020-03-28,-29
0,2020-02-29,"Monmouth County, NJ",NA,NA,NA,2020-03-28,-28
0,2020-03-01,"Monmouth County, NJ",NA,NA,NA,2020-03-28,-27
0,2020-03-02,"Monmouth County, NJ",NA,NA,NA,2020-03-28,-26
0,2020-03-03,"Monmouth County, NJ",NA,NA,NA,2020-03-28,-25
0,2020-03-04,"Monmouth County, NJ",NA,NA,NA,2020-03-28,-24
0,2020-03-05,"Monmouth County, NJ",NA,NA,NA,2020-03-28,-23
0,2020-03-06,"Monmouth County, NJ",NA,NA,NA,2020-03-28,-22
0,2020-03-07,"Monmouth County, NJ",NA,NA,NA,2020-03-28,-21
0,2020-03-08,"Monmouth County, NJ",NA,NA,NA,2020-03-28,-20
0,2020-03-09,"Monmouth County, NJ",NA,NA,NA,2020-03-28,-19
0,2020-03-10,"Monmouth County, NJ",NA,NA,NA,2020-03-28,-18
0,2020-03-11,"Monmouth County, NJ",NA,NA,NA,2020-03-28,-17
0,2020-03-12,"Monmouth County, NJ",NA,NA,NA,2020-03-28,-16
0,2020-03-13,"Monmouth County, NJ",NA,NA,NA,2020-03-28,-15
0,2020-03-14,"Monmouth County, NJ",NA,NA,NA,2020-03-28,-14
1,2020-03-15,"Monmouth County, NJ",NA,NA,NA,2020-03-28,-13
1,2020-03-16,"Monmouth County, NJ",NA,NA,NA,2020-03-28,-12
1,2020-03-17,"Monmouth County, NJ",NA,NA,NA,2020-03-28,-11
1,2020-03-18,"Monmouth County, NJ",NA,NA,NA,2020-03-28,-10
1,2020-03-19,"Monmouth County, NJ",NA,NA,NA,2020-03-28,-9
1,2020-03-20,"Monmouth County, NJ",NA,NA,NA,2020-03-28,-8
2,2020-03-21,"Monmouth County, NJ",NA,NA,NA,2020-03-28,-7
3,2020-03-22,"Monmouth County, NJ",NA,NA,NA,2020-03-28,-6
3,2020-03-23,"Monmouth County, NJ",NA,NA,NA,2020-03-28,-5
4,2020-03-24,"Monmouth County, NJ",NA,NA,NA,2020-03-28,-4
4,2020-03-25,"Monmouth County, NJ",NA,NA,NA,2020-03-28,-3
6,2020-03-26,"Monmouth County, NJ",NA,NA,NA,2020-03-28,-2
9,2020-03-27,"Monmouth County, NJ",NA,NA,NA,2020-03-28,-1
11,2020-03-28,"Monmouth County, NJ",NA,NA,NA,2020-03-28,0
11,2020-03-29,"Monmouth County, NJ",NA,NA,NA,2020-03-28,1
11,2020-03-30,"Monmouth County, NJ",15.806515850000002,14.043787923167509,14.995882320000002,2020-03-28,2
17,2020-03-31,"Monmouth County, NJ",20.040055050000003,17.620843224545666,18.92752136,2020-03-28,3
24,2020-04-01,"Monmouth County, NJ",25.4074845,21.828034942241715,23.761387120000002,2020-03-28,4
0,2020-01-22,"Broward County, FL",NA,NA,NA,2020-03-27,-65
0,2020-01-23,"Broward County, FL",NA,NA,NA,2020-03-27,-64
0,2020-01-24,"Broward County, FL",NA,NA,NA,2020-03-27,-63
0,2020-01-25,"Broward County, FL",NA,NA,NA,2020-03-27,-62
0,2020-01-26,"Broward County, FL",NA,NA,NA,2020-03-27,-61
0,2020-01-27,"Broward County, FL",NA,NA,NA,2020-03-27,-60
0,2020-01-28,"Broward County, FL",NA,NA,NA,2020-03-27,-59
0,2020-01-29,"Broward County, FL",NA,NA,NA,2020-03-27,-58
0,2020-01-30,"Broward County, FL",NA,NA,NA,2020-03-27,-57
0,2020-01-31,"Broward County, FL",NA,NA,NA,2020-03-27,-56
0,2020-02-01,"Broward County, FL",NA,NA,NA,2020-03-27,-55
0,2020-02-02,"Broward County, FL",NA,NA,NA,2020-03-27,-54
0,2020-02-03,"Broward County, FL",NA,NA,NA,2020-03-27,-53
0,2020-02-04,"Broward County, FL",NA,NA,NA,2020-03-27,-52
0,2020-02-05,"Broward County, FL",NA,NA,NA,2020-03-27,-51
0,2020-02-06,"Broward County, FL",NA,NA,NA,2020-03-27,-50
0,2020-02-07,"Broward County, FL",NA,NA,NA,2020-03-27,-49
0,2020-02-08,"Broward County, FL",NA,NA,NA,2020-03-27,-48
0,2020-02-09,"Broward County, FL",NA,NA,NA,2020-03-27,-47
0,2020-02-10,"Broward County, FL",NA,NA,NA,2020-03-27,-46
0,2020-02-11,"Broward County, FL",NA,NA,NA,2020-03-27,-45
0,2020-02-12,"Broward County, FL",NA,NA,NA,2020-03-27,-44
0,2020-02-13,"Broward County, FL",NA,NA,NA,2020-03-27,-43
0,2020-02-14,"Broward County, FL",NA,NA,NA,2020-03-27,-42
0,2020-02-15,"Broward County, FL",NA,NA,NA,2020-03-27,-41
0,2020-02-16,"Broward County, FL",NA,NA,NA,2020-03-27,-40
0,2020-02-17,"Broward County, FL",NA,NA,NA,2020-03-27,-39
0,2020-02-18,"Broward County, FL",NA,NA,NA,2020-03-27,-38
0,2020-02-19,"Broward County, FL",NA,NA,NA,2020-03-27,-37
0,2020-02-20,"Broward County, FL",NA,NA,NA,2020-03-27,-36
0,2020-02-21,"Broward County, FL",NA,NA,NA,2020-03-27,-35
0,2020-02-22,"Broward County, FL",NA,NA,NA,2020-03-27,-34
0,2020-02-23,"Broward County, FL",NA,NA,NA,2020-03-27,-33
0,2020-02-24,"Broward County, FL",NA,NA,NA,2020-03-27,-32
0,2020-02-25,"Broward County, FL",NA,NA,NA,2020-03-27,-31
0,2020-02-26,"Broward County, FL",NA,NA,NA,2020-03-27,-30
0,2020-02-27,"Broward County, FL",NA,NA,NA,2020-03-27,-29
0,2020-02-28,"Broward County, FL",NA,NA,NA,2020-03-27,-28
0,2020-02-29,"Broward County, FL",NA,NA,NA,2020-03-27,-27
0,2020-03-01,"Broward County, FL",NA,NA,NA,2020-03-27,-26
0,2020-03-02,"Broward County, FL",NA,NA,NA,2020-03-27,-25
0,2020-03-03,"Broward County, FL",NA,NA,NA,2020-03-27,-24
0,2020-03-04,"Broward County, FL",NA,NA,NA,2020-03-27,-23
0,2020-03-05,"Broward County, FL",NA,NA,NA,2020-03-27,-22
0,2020-03-06,"Broward County, FL",NA,NA,NA,2020-03-27,-21
0,2020-03-07,"Broward County, FL",NA,NA,NA,2020-03-27,-20
0,2020-03-08,"Broward County, FL",NA,NA,NA,2020-03-27,-19
0,2020-03-09,"Broward County, FL",NA,NA,NA,2020-03-27,-18
0,2020-03-10,"Broward County, FL",NA,NA,NA,2020-03-27,-17
0,2020-03-11,"Broward County, FL",NA,NA,NA,2020-03-27,-16
0,2020-03-12,"Broward County, FL",NA,NA,NA,2020-03-27,-15
0,2020-03-13,"Broward County, FL",NA,NA,NA,2020-03-27,-14
0,2020-03-14,"Broward County, FL",NA,NA,NA,2020-03-27,-13
0,2020-03-15,"Broward County, FL",NA,NA,NA,2020-03-27,-12
1,2020-03-16,"Broward County, FL",NA,NA,NA,2020-03-27,-11
1,2020-03-17,"Broward County, FL",NA,NA,NA,2020-03-27,-10
1,2020-03-18,"Broward County, FL",NA,NA,NA,2020-03-27,-9
1,2020-03-19,"Broward County, FL",NA,NA,NA,2020-03-27,-8
1,2020-03-20,"Broward County, FL",NA,NA,NA,2020-03-27,-7
1,2020-03-21,"Broward County, FL",NA,NA,NA,2020-03-27,-6
3,2020-03-22,"Broward County, FL",NA,NA,NA,2020-03-27,-5
3,2020-03-23,"Broward County, FL",NA,NA,NA,2020-03-27,-4
3,2020-03-24,"Broward County, FL",NA,NA,NA,2020-03-27,-3
3,2020-03-25,"Broward County, FL",NA,NA,NA,2020-03-27,-2
3,2020-03-26,"Broward County, FL",NA,NA,NA,2020-03-27,-1
10,2020-03-27,"Broward County, FL",NA,NA,NA,2020-03-27,0
11,2020-03-28,"Broward County, FL",NA,NA,NA,2020-03-27,1
11,2020-03-29,"Broward County, FL",NA,NA,NA,2020-03-27,2
12,2020-03-30,"Broward County, FL",18.40901533,14.043787923167509,15.57779498,2020-03-27,3
12,2020-03-31,"Broward County, FL",25.61855624,17.620843224545666,20.43136077,2020-03-27,4
13,2020-04-01,"Broward County, FL",35.65157679,21.828034942241715,26.68583701,2020-03-27,5
